{
  "packages": [
    {
      "name": "KISPE",
      "maintainer": "KISPE",
      "websiteUrl": "https://www.kispe.co.uk/",
      "Url": "https://github.com/stm32duino/BoardManagerFiles/raw/main/package_stmicroelectronics_index.json",
      "email": "info@kispe.co.uk",
      "platforms": [
        {
          "name": "KISPE Space Boards",
          "architecture": "stm32",
          "version": "0.0.1",
          "deprecated": false,
          "category": "Contributed",
          "url": "",
          "archiveFileName": "KISPE-0.0.1.zip",
          "checksum": "SHA-256:b3a1e5bd4db1ca20553649daaba02f7d0f52bd4d5dd6657ab0823f1c7ca4b16c",
          "size": "47427491",
          "boards": [
            {
              "name": "Nucleo Boards"
            },
            {
              "name": "OSSAT"
            }
          ],
          "help": {},
          "toolsDependencies": [
            {
              "packager": "KISPE",
              "name": "xpack-arm-none-eabi-gcc",
              "version": "13.2.1-1.1"
            },
            {
              "packager": "KISPE",
              "name": "xpack-openocd",
              "version": "0.12.0-3"
            },
            {
              "packager": "KISPE",
              "name": "STM32Tools",
              "version": "2.2.2"
            },
            {
              "packager": "KISPE",
              "name": "CMSIS",
              "version": "5.9.0"
            },
            {
              "packager": "KISPE",
              "name": "STM32_SVD",
              "version": "1.15.1"
            }
          ],
          "discoveryDependencies": [],
          "monitorDependencies": []
        }
      ],
      "tools": [
        {
          "name": "STM32_SVD",
          "version": "1.15.1",
          "systems": [
            {
              "host": "all",
              "url": "https://github.com/stm32duino/stm32_svd/releases/download/1.15.1/STM32_SVD-1.15.1.tar.bz2",
              "archiveFileName": "STM32_SVD-1.15.1.tar.bz2",
              "size": "12998735",
              "checksum": "SHA-256:f37b918e7ea2dbc818492a07ba35b8b3d287d4473794a383e876656b442b5fcc"
            }
          ]
        },
        {
          "name": "cxppstm8",
          "version": "4.1.3",
          "systems": [
            {
              "host": "i686-mingw32",
              "url": "http://cosmicsoftware.com/Arduino/4.1.3/Cxppstm8.zip",
              "archiveFileName": "Cxppstm8.zip",
              "size": "32363283",
              "checksum": "SHA-256:1277e2ba80e744845ee55bb9088b206e324d401439ddd2956c13a4f418832dfe"
            }
          ]
        },
        {
          "name": "STM8Tools",
          "version": "1.0.0",
          "systems": [
            {
              "host": "i686-mingw32",
              "url": "https://github.com/stm32duino/Arduino_Tools_STM8/releases/download/1.0.0/STM8Tools-1.0.0-windows.tar.bz2",
              "archiveFileName": "STM8Tools-1.0.0-windows.tar.bz2",
              "size": "6864757",
              "checksum": "SHA-256:e8e8c8c23b41ae02e3363a54acfd0c716813b8ef64db490af1555993c81dcd0a"
            }
          ]
        },
        {
          "name": "xpack-arm-none-eabi-gcc",
          "version": "10.3.1-2.3",
          "systems": [
            {
              "host": "arm-linux-gnueabihf",
              "url": "https://github.com/xpack-dev-tools/arm-none-eabi-gcc-xpack/releases/download/v10.3.1-2.3/xpack-arm-none-eabi-gcc-10.3.1-2.3-linux-arm.tar.gz",
              "archiveFileName": "xpack-arm-none-eabi-gcc-10.3.1-2.3-linux-arm.tar.gz",
              "size": "169168939",
              "checksum": "SHA-256:cf152bb008697143b802a85fffffc2c9b562bc1e6d0984ad02d4ee1f1bb91790"
            },
            {
              "host": "aarch64-linux-gnu",
              "url": "https://github.com/xpack-dev-tools/arm-none-eabi-gcc-xpack/releases/download/v10.3.1-2.3/xpack-arm-none-eabi-gcc-10.3.1-2.3-linux-arm64.tar.gz",
              "archiveFileName": "xpack-arm-none-eabi-gcc-10.3.1-2.3-linux-arm64.tar.gz",
              "size": "174454524",
              "checksum": "SHA-256:6e3ee605079ba084836cd057022e16c28605f4068042cd14397976b836ea1a21"
            },
            {
              "host": "i686-mingw32",
              "url": "https://github.com/xpack-dev-tools/arm-none-eabi-gcc-xpack/releases/download/v10.3.1-2.3/xpack-arm-none-eabi-gcc-10.3.1-2.3-win32-ia32.zip",
              "archiveFileName": "xpack-arm-none-eabi-gcc-10.3.1-2.3-win32-ia32.zip",
              "size": "180590105",
              "checksum": "SHA-256:c98fc443d7ef3524d42a40b6635e8b99c736efac77729f8a70463bb9ba19bc85"
            },
            {
              "host": "x86_64-apple-darwin",
              "url": "https://github.com/xpack-dev-tools/arm-none-eabi-gcc-xpack/releases/download/v10.3.1-2.3/xpack-arm-none-eabi-gcc-10.3.1-2.3-darwin-x64.tar.gz",
              "archiveFileName": "xpack-arm-none-eabi-gcc-10.3.1-2.3-darwin-x64.tar.gz",
              "size": "173440158",
              "checksum": "SHA-256:eb9218eaafb74a05fab9cbbeb49fd4fe7b85c6ba411aefc66f681a5a862e8d8e"
            },
            {
              "host": "x86_64-pc-linux-gnu",
              "url": "https://github.com/xpack-dev-tools/arm-none-eabi-gcc-xpack/releases/download/v10.3.1-2.3/xpack-arm-none-eabi-gcc-10.3.1-2.3-linux-x64.tar.gz",
              "archiveFileName": "xpack-arm-none-eabi-gcc-10.3.1-2.3-linux-x64.tar.gz",
              "size": "175646740",
              "checksum": "SHA-256:559dcf1c2dfddac513110fe23da0ef254032c09967eaa901f075515d51818719"
            },
            {
              "host": "i686-pc-linux-gnu",
              "url": "https://github.com/xpack-dev-tools/arm-none-eabi-gcc-xpack/releases/download/v10.3.1-2.3/xpack-arm-none-eabi-gcc-10.3.1-2.3-linux-ia32.tar.gz",
              "archiveFileName": "xpack-arm-none-eabi-gcc-10.3.1-2.3-linux-ia32.tar.gz",
              "size": "179184840",
              "checksum": "SHA-256:8a6621590ac2f0b33fc71f1c501af6b60e900fc3d895a11f20de850cd4f55ca3"
            }
          ]
        },
        {
          "name": "xpack-arm-none-eabi-gcc",
          "version": "12.2.1-1.2",
          "systems": [
            {
              "host": "arm-linux-gnueabihf",
              "url": "https://github.com/xpack-dev-tools/arm-none-eabi-gcc-xpack/releases/download/v12.2.1-1.2/xpack-arm-none-eabi-gcc-12.2.1-1.2-linux-arm.tar.gz",
              "archiveFileName": "xpack-arm-none-eabi-gcc-12.2.1-1.2-linux-arm.tar.gz",
              "size": "222530061",
              "checksum": "SHA-256:92eee346b6672776169143154c931c3a5779fd171c1976d495e7eb31796692d5"
            },
            {
              "host": "aarch64-linux-gnu",
              "url": "https://github.com/xpack-dev-tools/arm-none-eabi-gcc-xpack/releases/download/v12.2.1-1.2/xpack-arm-none-eabi-gcc-12.2.1-1.2-linux-arm64.tar.gz",
              "archiveFileName": "xpack-arm-none-eabi-gcc-12.2.1-1.2-linux-arm64.tar.gz",
              "size": "229675672",
              "checksum": "SHA-256:dbf5e36b20f236ead98c6c24daaeafb5ed8b9a7be76895f5e0c7b79cb2b90073"
            },
            {
              "host": "i686-mingw32",
              "url": "https://github.com/xpack-dev-tools/arm-none-eabi-gcc-xpack/releases/download/v12.2.1-1.2/xpack-arm-none-eabi-gcc-12.2.1-1.2-win32-x64.zip",
              "archiveFileName": "xpack-arm-none-eabi-gcc-12.2.1-1.2-win32-x64.zip",
              "size": "259513877",
              "checksum": "SHA-256:5662a2d95bd5b28d24797709864fa8e1379a3bd103112f3c96a6c16db1e2e44a"
            },
            {
              "host": "x86_64-apple-darwin",
              "url": "https://github.com/xpack-dev-tools/arm-none-eabi-gcc-xpack/releases/download/v12.2.1-1.2/xpack-arm-none-eabi-gcc-12.2.1-1.2-darwin-x64.tar.gz",
              "archiveFileName": "xpack-arm-none-eabi-gcc-12.2.1-1.2-darwin-x64.tar.gz",
              "size": "227358409",
              "checksum": "SHA-256:5b4d2d3c6b258b275eee06a3437b9f04480957e8415c6c9f00b56a7cc5f2c01f"
            },
            {
              "host": "x86_64-pc-linux-gnu",
              "url": "https://github.com/xpack-dev-tools/arm-none-eabi-gcc-xpack/releases/download/v12.2.1-1.2/xpack-arm-none-eabi-gcc-12.2.1-1.2-linux-x64.tar.gz",
              "archiveFileName": "xpack-arm-none-eabi-gcc-12.2.1-1.2-linux-x64.tar.gz",
              "size": "232443193",
              "checksum": "SHA-256:65b52009ff1b7f22f5e030cc04e17e5e7d7f2436a62488aca905062a71d3944c"
            }
          ]
        },
        {
          "name": "xpack-arm-none-eabi-gcc",
          "version": "13.2.1-1.1",
          "systems": [
            {
              "host": "arm-linux-gnueabihf",
              "url": "https://github.com/xpack-dev-tools/arm-none-eabi-gcc-xpack/releases/download/v13.2.1-1.1/xpack-arm-none-eabi-gcc-13.2.1-1.1-linux-arm.tar.gz",
              "archiveFileName": "xpack-arm-none-eabi-gcc-13.2.1-1.1-linux-arm.tar.gz",
              "size": "257683778",
              "checksum": "SHA-256:9a6db147c34f7ea668cc37a139d2667a58f8b2bbee2359f23e48ffd300f8fc2f"
            },
            {
              "host": "aarch64-linux-gnu",
              "url": "https://github.com/xpack-dev-tools/arm-none-eabi-gcc-xpack/releases/download/v13.2.1-1.1/xpack-arm-none-eabi-gcc-13.2.1-1.1-linux-arm64.tar.gz",
              "archiveFileName": "xpack-arm-none-eabi-gcc-13.2.1-1.1-linux-arm64.tar.gz",
              "size": "265190134",
              "checksum": "SHA-256:ab7f75d95ead0b1efb7432e7f034f9575cc3d23dc1b03d41af1ec253486d19de"
            },
            {
              "host": "i686-mingw32",
              "url": "https://github.com/xpack-dev-tools/arm-none-eabi-gcc-xpack/releases/download/v13.2.1-1.1/xpack-arm-none-eabi-gcc-13.2.1-1.1-win32-x64.zip",
              "archiveFileName": "xpack-arm-none-eabi-gcc-13.2.1-1.1-win32-x64.zip",
              "size": "306340878",
              "checksum": "SHA-256:56b18ccb0a50f536332ec5de57799342ff0cd005ca2c54288c74759b51929e4f"
            },
            {
              "host": "x86_64-apple-darwin",
              "url": "https://github.com/xpack-dev-tools/arm-none-eabi-gcc-xpack/releases/download/v13.2.1-1.1/xpack-arm-none-eabi-gcc-13.2.1-1.1-darwin-x64.tar.gz",
              "archiveFileName": "xpack-arm-none-eabi-gcc-13.2.1-1.1-darwin-x64.tar.gz",
              "size": "262217286",
              "checksum": "SHA-256:1ecc0fd6c31020aff702204f51459b4b00ff0d12b9cd95e832399881d819aa57"
            },
            {
              "host": "x86_64-pc-linux-gnu",
              "url": "https://github.com/xpack-dev-tools/arm-none-eabi-gcc-xpack/releases/download/v13.2.1-1.1/xpack-arm-none-eabi-gcc-13.2.1-1.1-linux-x64.tar.gz",
              "archiveFileName": "xpack-arm-none-eabi-gcc-13.2.1-1.1-linux-x64.tar.gz",
              "size": "268158135",
              "checksum": "SHA-256:1252a8cafe9237de27a765376697230368eec21db44dc3f1edeb8d838dabd530"
            }
          ]
        },
        {
          "name": "xpack-arm-none-eabi-gcc",
          "version": "9.3.1-1.3",
          "systems": [
            {
              "host": "arm-linux-gnueabihf",
              "url": "https://github.com/xpack-dev-tools/arm-none-eabi-gcc-xpack/releases/download/v9.3.1-1.3/xpack-arm-none-eabi-gcc-9.3.1-1.3-linux-arm.tar.gz",
              "archiveFileName": "xpack-arm-none-eabi-gcc-9.3.1-1.3-linux-arm.tar.gz",
              "size": "147111321",
              "checksum": "SHA-256:0e6720296f291141cd757d90e6bf60867a1232de9abc52b0cde28af12eeb94f2"
            },
            {
              "host": "aarch64-linux-gnu",
              "url": "https://github.com/xpack-dev-tools/arm-none-eabi-gcc-xpack/releases/download/v9.3.1-1.3/xpack-arm-none-eabi-gcc-9.3.1-1.3-linux-arm64.tar.gz",
              "archiveFileName": "xpack-arm-none-eabi-gcc-9.3.1-1.3-linux-arm64.tar.gz",
              "size": "150584175",
              "checksum": "SHA-256:9a9e96b9ac3634d7632d35aa0d8138f8468d4f3f4d752374a95420ff7c8e4476"
            },
            {
              "host": "i686-mingw32",
              "url": "https://github.com/xpack-dev-tools/arm-none-eabi-gcc-xpack/releases/download/v9.3.1-1.3/xpack-arm-none-eabi-gcc-9.3.1-1.3-win32-x32.zip",
              "archiveFileName": "xpack-arm-none-eabi-gcc-9.3.1-1.3-win32-x32.zip",
              "size": "148593506",
              "checksum": "SHA-256:7432cfff045dc421d2ba177c3777ec1e82d4febe5f5f51fb2e90ff07d27cd466"
            },
            {
              "host": "x86_64-apple-darwin",
              "url": "https://github.com/xpack-dev-tools/arm-none-eabi-gcc-xpack/releases/download/v9.3.1-1.3/xpack-arm-none-eabi-gcc-9.3.1-1.3-darwin-x64.tar.gz",
              "archiveFileName": "xpack-arm-none-eabi-gcc-9.3.1-1.3-darwin-x64.tar.gz",
              "size": "148641073",
              "checksum": "SHA-256:f22f0d49c27f844dcfe629a6a33878d767b6945acd7508d9578b20b17b106f4c"
            },
            {
              "host": "x86_64-pc-linux-gnu",
              "url": "https://github.com/xpack-dev-tools/arm-none-eabi-gcc-xpack/releases/download/v9.3.1-1.3/xpack-arm-none-eabi-gcc-9.3.1-1.3-linux-x64.tar.gz",
              "archiveFileName": "xpack-arm-none-eabi-gcc-9.3.1-1.3-linux-x64.tar.gz",
              "size": "151422620",
              "checksum": "SHA-256:9045d261b000d921887fc801427542eed2df1616f63a2969a2640f8be2593686"
            },
            {
              "host": "i686-pc-linux-gnu",
              "url": "https://github.com/xpack-dev-tools/arm-none-eabi-gcc-xpack/releases/download/v9.3.1-1.3/xpack-arm-none-eabi-gcc-9.3.1-1.3-linux-x32.tar.gz",
              "archiveFileName": "xpack-arm-none-eabi-gcc-9.3.1-1.3-linux-x32.tar.gz",
              "size": "154309058",
              "checksum": "SHA-256:1950c7b0b4e35bacec32450158ec192ac469189a5fb27c2fd7c01e9603e50e64"
            }
          ]
        },
        {
          "name": "xpack-arm-none-eabi-gcc",
          "version": "10.2.1-1.1",
          "systems": [
            {
              "host": "arm-linux-gnueabihf",
              "url": "https://github.com/xpack-dev-tools/arm-none-eabi-gcc-xpack/releases/download/v10.2.1-1.1/xpack-arm-none-eabi-gcc-10.2.1-1.1-linux-arm.tar.gz",
              "archiveFileName": "xpack-arm-none-eabi-gcc-10.2.1-1.1-linux-arm.tar.gz",
              "size": "182652907",
              "checksum": "SHA-256:b726faccb8a3c426012592145d9d49a9b998a950613a4848bf8d899a8929ae34"
            },
            {
              "host": "aarch64-linux-gnu",
              "url": "https://github.com/xpack-dev-tools/arm-none-eabi-gcc-xpack/releases/download/v10.2.1-1.1/xpack-arm-none-eabi-gcc-10.2.1-1.1-linux-arm64.tar.gz",
              "archiveFileName": "xpack-arm-none-eabi-gcc-10.2.1-1.1-linux-arm64.tar.gz",
              "size": "187490794",
              "checksum": "SHA-256:88b4f581a14b0dc2ee2313f4342f38996a4c8f3e4d09d9f70a6c4a4b9ea360e7"
            },
            {
              "host": "i686-mingw32",
              "url": "https://github.com/xpack-dev-tools/arm-none-eabi-gcc-xpack/releases/download/v10.2.1-1.1/xpack-arm-none-eabi-gcc-10.2.1-1.1-win32-ia32.zip",
              "archiveFileName": "xpack-arm-none-eabi-gcc-10.2.1-1.1-win32-ia32.zip",
              "size": "190155753",
              "checksum": "SHA-256:5b4576c8280a6788bd1abe54c8172e03f9947ddd776960d2043b33955389e739"
            },
            {
              "host": "x86_64-apple-darwin",
              "url": "https://github.com/xpack-dev-tools/arm-none-eabi-gcc-xpack/releases/download/v10.2.1-1.1/xpack-arm-none-eabi-gcc-10.2.1-1.1-darwin-x64.tar.gz",
              "archiveFileName": "xpack-arm-none-eabi-gcc-10.2.1-1.1-darwin-x64.tar.gz",
              "size": "183654470",
              "checksum": "SHA-256:061615d3e35d026cfa3ef8999f2bdaef2181b56e61029f58c8e0f1054bba046b"
            },
            {
              "host": "x86_64-pc-linux-gnu",
              "url": "https://github.com/xpack-dev-tools/arm-none-eabi-gcc-xpack/releases/download/v10.2.1-1.1/xpack-arm-none-eabi-gcc-10.2.1-1.1-linux-x64.tar.gz",
              "archiveFileName": "xpack-arm-none-eabi-gcc-10.2.1-1.1-linux-x64.tar.gz",
              "size": "188707051",
              "checksum": "SHA-256:840e90b527d30143b8d8e5eb894218858ed14226bdc8664686f0848592b6e474"
            },
            {
              "host": "i686-pc-linux-gnu",
              "url": "https://github.com/xpack-dev-tools/arm-none-eabi-gcc-xpack/releases/download/v10.2.1-1.1/xpack-arm-none-eabi-gcc-10.2.1-1.1-linux-ia32.tar.gz",
              "archiveFileName": "xpack-arm-none-eabi-gcc-10.2.1-1.1-linux-ia32.tar.gz",
              "size": "192497639",
              "checksum": "SHA-256:8adaca8af367a54d1acd2b274cfdc18384b87fbe0ba613322ea3ead20677a132"
            }
          ]
        },
        {
          "name": "xpack-openocd",
          "version": "0.12.0-3",
          "systems": [
            {
              "host": "arm-linux-gnueabihf",
              "url": "https://github.com/xpack-dev-tools/openocd-xpack/releases/download/v0.12.0-3/xpack-openocd-0.12.0-3-linux-arm.tar.gz",
              "archiveFileName": "xpack-openocd-0.12.0-3-linux-arm.tar.gz",
              "size": "2479426",
              "checksum": "SHA-256:8f956ed0c5027c5e655fe590712aef2dbd21a01777b5c008f772b2d1b45fb095"
            },
            {
              "host": "aarch64-linux-gnu",
              "url": "https://github.com/xpack-dev-tools/openocd-xpack/releases/download/v0.12.0-3/xpack-openocd-0.12.0-3-linux-arm64.tar.gz",
              "archiveFileName": "xpack-openocd-0.12.0-3-linux-arm64.tar.gz",
              "size": "2556193",
              "checksum": "SHA-256:892b2ecc624521e5947e4857d7dfd4af03e19ef37da73ae91215a1001864ed75"
            },
            {
              "host": "i686-mingw32",
              "url": "https://github.com/xpack-dev-tools/openocd-xpack/releases/download/v0.12.0-3/xpack-openocd-0.12.0-3-win32-x64.zip",
              "archiveFileName": "xpack-openocd-0.12.0-3-win32-x64.zip",
              "size": "3039388",
              "checksum": "SHA-256:94b51be5e5b38ac1c5814972eee9b062f0805bcd3ecc3bad5190fd659f6a3ab3"
            },
            {
              "host": "x86_64-apple-darwin",
              "url": "https://github.com/xpack-dev-tools/openocd-xpack/releases/download/v0.12.0-3/xpack-openocd-0.12.0-3-darwin-x64.tar.gz",
              "archiveFileName": "xpack-openocd-0.12.0-3-darwin-x64.tar.gz",
              "size": "2328409",
              "checksum": "SHA-256:47931a1adde58ae6a7d99e4b0db5b9a62c568ce8e5232e958325d733f09e9995"
            },
            {
              "host": "x86_64-pc-linux-gnu",
              "url": "https://github.com/xpack-dev-tools/openocd-xpack/releases/download/v0.12.0-3/xpack-openocd-0.12.0-3-linux-x64.tar.gz",
              "archiveFileName": "xpack-openocd-0.12.0-3-linux-x64.tar.gz",
              "size": "2607063",
              "checksum": "SHA-256:98c07aa34c6e02ac6ef0794494bc3bd9e2409d587723c5191ee4f0a4d179e39b"
            }
          ]
        },
        {
          "name": "xpack-openocd",
          "version": "0.12.0-1",
          "systems": [
            {
              "host": "arm-linux-gnueabihf",
              "url": "https://github.com/xpack-dev-tools/openocd-xpack/releases/download/v0.12.0-1/xpack-openocd-0.12.0-1-linux-arm.tar.gz",
              "archiveFileName": "xpack-openocd-0.12.0-1-linux-arm.tar.gz",
              "size": "2469999",
              "checksum": "SHA-256:886f65ffd4761619d86f492e1d72086992e72f379b90f9d1a1bcf124f88dcc57"
            },
            {
              "host": "aarch64-linux-gnu",
              "url": "https://github.com/xpack-dev-tools/openocd-xpack/releases/download/v0.12.0-1/xpack-openocd-0.12.0-1-linux-arm64.tar.gz",
              "archiveFileName": "xpack-openocd-0.12.0-1-linux-arm64.tar.gz",
              "size": "2552146",
              "checksum": "SHA-256:a86b3ecc256cb870f074a8e633e791ed09102c8ed0d639ae49782c51a404dfbc"
            },
            {
              "host": "i686-mingw32",
              "url": "https://github.com/xpack-dev-tools/openocd-xpack/releases/download/v0.12.0-1/xpack-openocd-0.12.0-1-win32-x64.zip",
              "archiveFileName": "xpack-openocd-0.12.0-1-win32-x64.zip",
              "size": "2976622",
              "checksum": "SHA-256:5cba78c08ad03aa38549e94186cbb4ec34c384565a40a6652715577e4f1a458f"
            },
            {
              "host": "x86_64-apple-darwin",
              "url": "https://github.com/xpack-dev-tools/openocd-xpack/releases/download/v0.12.0-1/xpack-openocd-0.12.0-1-darwin-x64.tar.gz",
              "archiveFileName": "xpack-openocd-0.12.0-1-darwin-x64.tar.gz",
              "size": "2292519",
              "checksum": "SHA-256:ca569b6bfd9b3cd87a5bc88b3a33a5c4fe854be3cf95a3dcda1c194e8da9d7bb"
            },
            {
              "host": "x86_64-pc-linux-gnu",
              "url": "https://github.com/xpack-dev-tools/openocd-xpack/releases/download/v0.12.0-1/xpack-openocd-0.12.0-1-linux-x64.tar.gz",
              "archiveFileName": "xpack-openocd-0.12.0-1-linux-x64.tar.gz",
              "size": "2604664",
              "checksum": "SHA-256:940f22eccddb0946b69149d227948f77d5917a2c5f1ab68e5d84d614c2ceed20"
            }
          ]
        },
        {
          "name": "CMSIS",
          "version": "5.7.0",
          "systems": [
            {
              "host": "i686-mingw32",
              "url": "https://github.com/stm32duino/ArduinoModule-CMSIS/releases/download/5.7.0/CMSIS-5.7.0.tar.bz2",
              "archiveFileName": "CMSIS-5.7.0.tar.bz2",
              "size": "26151901",
              "checksum": "SHA-256:0b04b0f214e483bcc360cda985cddc0de8031714019ceabcda4770d510b82bfe"
            },
            {
              "host": "x86_64-apple-darwin",
              "url": "https://github.com/stm32duino/ArduinoModule-CMSIS/releases/download/5.7.0/CMSIS-5.7.0.tar.bz2",
              "archiveFileName": "CMSIS-5.7.0.tar.bz2",
              "size": "26151901",
              "checksum": "SHA-256:0b04b0f214e483bcc360cda985cddc0de8031714019ceabcda4770d510b82bfe"
            },
            {
              "host": "x86_64-pc-linux-gnu",
              "url": "https://github.com/stm32duino/ArduinoModule-CMSIS/releases/download/5.7.0/CMSIS-5.7.0.tar.bz2",
              "archiveFileName": "CMSIS-5.7.0.tar.bz2",
              "size": "26151901",
              "checksum": "SHA-256:0b04b0f214e483bcc360cda985cddc0de8031714019ceabcda4770d510b82bfe"
            },
            {
              "host": "i686-pc-linux-gnu",
              "url": "https://github.com/stm32duino/ArduinoModule-CMSIS/releases/download/5.7.0/CMSIS-5.7.0.tar.bz2",
              "archiveFileName": "CMSIS-5.7.0.tar.bz2",
              "size": "26151901",
              "checksum": "SHA-256:0b04b0f214e483bcc360cda985cddc0de8031714019ceabcda4770d510b82bfe"
            },
            {
              "host": "arm-linux-gnueabihf",
              "url": "https://github.com/stm32duino/ArduinoModule-CMSIS/releases/download/5.7.0/CMSIS-5.7.0.tar.bz2",
              "archiveFileName": "CMSIS-5.7.0.tar.bz2",
              "size": "26151901",
              "checksum": "SHA-256:0b04b0f214e483bcc360cda985cddc0de8031714019ceabcda4770d510b82bfe"
            },
            {
              "host": "all",
              "url": "https://github.com/stm32duino/ArduinoModule-CMSIS/releases/download/5.7.0/CMSIS-5.7.0.tar.bz2",
              "archiveFileName": "CMSIS-5.7.0.tar.bz2",
              "size": "26151901",
              "checksum": "SHA-256:0b04b0f214e483bcc360cda985cddc0de8031714019ceabcda4770d510b82bfe"
            }
          ]
        },
        {
          "name": "CMSIS",
          "version": "5.9.0",
          "systems": [
            {
              "host": "i686-mingw32",
              "url": "https://github.com/stm32duino/ArduinoModule-CMSIS/releases/download/5.9.0/CMSIS-5.9.0.tar.bz2",
              "archiveFileName": "CMSIS-5.9.0.tar.bz2",
              "size": "2365397",
              "checksum": "SHA-256:693aabf1a793512316bfc9809203a5cfe304931e981ba708b51419939c3cefcd"
            },
            {
              "host": "x86_64-apple-darwin",
              "url": "https://github.com/stm32duino/ArduinoModule-CMSIS/releases/download/5.9.0/CMSIS-5.9.0.tar.bz2",
              "archiveFileName": "CMSIS-5.9.0.tar.bz2",
              "size": "2365397",
              "checksum": "SHA-256:693aabf1a793512316bfc9809203a5cfe304931e981ba708b51419939c3cefcd"
            },
            {
              "host": "x86_64-pc-linux-gnu",
              "url": "https://github.com/stm32duino/ArduinoModule-CMSIS/releases/download/5.9.0/CMSIS-5.9.0.tar.bz2",
              "archiveFileName": "CMSIS-5.9.0.tar.bz2",
              "size": "2365397",
              "checksum": "SHA-256:693aabf1a793512316bfc9809203a5cfe304931e981ba708b51419939c3cefcd"
            },
            {
              "host": "i686-pc-linux-gnu",
              "url": "https://github.com/stm32duino/ArduinoModule-CMSIS/releases/download/5.9.0/CMSIS-5.9.0.tar.bz2",
              "archiveFileName": "CMSIS-5.9.0.tar.bz2",
              "size": "2365397",
              "checksum": "SHA-256:693aabf1a793512316bfc9809203a5cfe304931e981ba708b51419939c3cefcd"
            },
            {
              "host": "arm-linux-gnueabihf",
              "url": "https://github.com/stm32duino/ArduinoModule-CMSIS/releases/download/5.9.0/CMSIS-5.9.0.tar.bz2",
              "archiveFileName": "CMSIS-5.9.0.tar.bz2",
              "size": "2365397",
              "checksum": "SHA-256:693aabf1a793512316bfc9809203a5cfe304931e981ba708b51419939c3cefcd"
            },
            {
              "host": "all",
              "url": "https://github.com/stm32duino/ArduinoModule-CMSIS/releases/download/5.9.0/CMSIS-5.9.0.tar.bz2",
              "archiveFileName": "CMSIS-5.9.0.tar.bz2",
              "size": "2365397",
              "checksum": "SHA-256:693aabf1a793512316bfc9809203a5cfe304931e981ba708b51419939c3cefcd"
            }
          ]
        },
        {
          "name": "STM32Tools",
          "version": "2.0.0",
          "systems": [
            {
              "host": "i686-mingw32",
              "url": "https://github.com/stm32duino/Arduino_Tools/releases/download/2.0.0/STM32Tools-2.0.0-windows.tar.bz2",
              "archiveFileName": "STM32Tools-2.0.0-windows.tar.bz2",
              "size": "2486087",
              "checksum": "SHA-256:6316ffd1667344952bc5e16ff60783f9b4211d1eb54fc0d0c28e836b1490b717"
            },
            {
              "host": "x86_64-apple-darwin",
              "url": "https://github.com/stm32duino/Arduino_Tools/releases/download/2.0.0/STM32Tools-2.0.0-mac.tar.bz2",
              "archiveFileName": "STM32Tools-2.0.0-mac.tar.bz2",
              "size": "486398",
              "checksum": "SHA-256:2612be87206d2ba6f7cf797c194dbc070139defc884b881c1957a8d148c2114c"
            },
            {
              "host": "x86_64-pc-linux-gnu",
              "url": "https://github.com/stm32duino/Arduino_Tools/releases/download/2.0.0/STM32Tools-2.0.0-linux.tar.bz2",
              "archiveFileName": "STM32Tools-2.0.0-linux.tar.bz2",
              "size": "479795",
              "checksum": "SHA-256:850186554df1d56f5f5336d6310551b734b2ff97c92677ca0ece11f134b72d0f"
            },
            {
              "host": "i686-pc-linux-gnu",
              "url": "https://github.com/stm32duino/Arduino_Tools/releases/download/2.0.0/STM32Tools-2.0.0-linux.tar.bz2",
              "archiveFileName": "STM32Tools-2.0.0-linux.tar.bz2",
              "size": "479795",
              "checksum": "SHA-256:850186554df1d56f5f5336d6310551b734b2ff97c92677ca0ece11f134b72d0f"
            }
          ]
        },
        {
          "name": "STM32Tools",
          "version": "2.1.0",
          "systems": [
            {
              "host": "i686-mingw32",
              "url": "https://github.com/stm32duino/Arduino_Tools/releases/download/2.1.0/STM32Tools-2.1.0-windows.tar.bz2",
              "archiveFileName": "STM32Tools-2.1.0-windows.tar.bz2",
              "size": "2559277",
              "checksum": "SHA-256:d4d4b4fe0500ae1a1906c5e552b967277fd0e2df457f102b8c363c89f77cb6f2"
            },
            {
              "host": "x86_64-apple-darwin",
              "url": "https://github.com/stm32duino/Arduino_Tools/releases/download/2.1.0/STM32Tools-2.1.0-mac.tar.bz2",
              "archiveFileName": "STM32Tools-2.1.0-mac.tar.bz2",
              "size": "447015",
              "checksum": "SHA-256:475357fc7006fc003c320aa7a6cce7d8dbb81adc3b66929fc8a0a360bd3bb348"
            },
            {
              "host": "x86_64-pc-linux-gnu",
              "url": "https://github.com/stm32duino/Arduino_Tools/releases/download/2.1.0/STM32Tools-2.1.0-linux.tar.bz2",
              "archiveFileName": "STM32Tools-2.1.0-linux.tar.bz2",
              "size": "479203",
              "checksum": "SHA-256:06677d45ef42410590ae0b03fdf58f6a1f338726df4911fabc13822f4542ca2f"
            },
            {
              "host": "i686-pc-linux-gnu",
              "url": "https://github.com/stm32duino/Arduino_Tools/releases/download/2.1.0/STM32Tools-2.1.0-linux.tar.bz2",
              "archiveFileName": "STM32Tools-2.1.0-linux.tar.bz2",
              "size": "479203",
              "checksum": "SHA-256:06677d45ef42410590ae0b03fdf58f6a1f338726df4911fabc13822f4542ca2f"
            }
          ]
        },
        {
          "name": "STM32Tools",
          "version": "2.1.1",
          "systems": [
            {
              "host": "i686-mingw32",
              "url": "https://github.com/stm32duino/Arduino_Tools/releases/download/2.1.1/STM32Tools-2.1.1-windows.tar.bz2",
              "archiveFileName": "STM32Tools-2.1.1-windows.tar.bz2",
              "size": "2587832",
              "checksum": "SHA-256:385f1495a70613ca6771c0f824e420f44e27b1433b0b449aaade1dde63b35e68"
            },
            {
              "host": "x86_64-apple-darwin",
              "url": "https://github.com/stm32duino/Arduino_Tools/releases/download/2.1.1/STM32Tools-2.1.1-mac.tar.bz2",
              "archiveFileName": "STM32Tools-2.1.1-mac.tar.bz2",
              "size": "486815",
              "checksum": "SHA-256:417bc75ebf19060083e29cf65f7a9f71a6903b7fd158c154057ed723c5e847a1"
            },
            {
              "host": "x86_64-pc-linux-gnu",
              "url": "https://github.com/stm32duino/Arduino_Tools/releases/download/2.1.1/STM32Tools-2.1.1-linux.tar.bz2",
              "archiveFileName": "STM32Tools-2.1.1-linux.tar.bz2",
              "size": "480360",
              "checksum": "SHA-256:35ecc3914e8a0a45de229111cc45b8cb39a8e0a8c66313562fd51977a7ab3dee"
            },
            {
              "host": "i686-pc-linux-gnu",
              "url": "https://github.com/stm32duino/Arduino_Tools/releases/download/2.1.1/STM32Tools-2.1.1-linux.tar.bz2",
              "archiveFileName": "STM32Tools-2.1.1-linux.tar.bz2",
              "size": "480360",
              "checksum": "SHA-256:35ecc3914e8a0a45de229111cc45b8cb39a8e0a8c66313562fd51977a7ab3dee"
            }
          ]
        },
        {
          "name": "STM32Tools",
          "version": "2.2.0",
          "systems": [
            {
              "host": "i686-mingw32",
              "url": "https://github.com/stm32duino/Arduino_Tools/releases/download/2.2.0/STM32Tools-2.2.0-windows.tar.bz2",
              "archiveFileName": "STM32Tools-2.2.0-windows.tar.bz2",
              "size": "2342829",
              "checksum": "SHA-256:c8bd87064f5a6f018a6b88f539af2fce864452b70d95b8ae3b0a95b48cf766ec"
            },
            {
              "host": "x86_64-apple-darwin",
              "url": "https://github.com/stm32duino/Arduino_Tools/releases/download/2.2.0/STM32Tools-2.2.0-mac.tar.bz2",
              "archiveFileName": "STM32Tools-2.2.0-mac.tar.bz2",
              "size": "149541",
              "checksum": "SHA-256:3974c0d4e491ccf4f67e2198ec95f7553471aaa7d0f4a6b82a6beb1aff4bdc86"
            },
            {
              "host": "x86_64-pc-linux-gnu",
              "url": "https://github.com/stm32duino/Arduino_Tools/releases/download/2.2.0/STM32Tools-2.2.0-linux.tar.bz2",
              "archiveFileName": "STM32Tools-2.2.0-linux.tar.bz2",
              "size": "270078",
              "checksum": "SHA-256:e436bf62709abd74a179811459aa83ee0cc163c1b10f5b10831e3cb57bee3000"
            },
            {
              "host": "i686-pc-linux-gnu",
              "url": "https://github.com/stm32duino/Arduino_Tools/releases/download/2.2.0/STM32Tools-2.2.0-linux.tar.bz2",
              "archiveFileName": "STM32Tools-2.2.0-linux.tar.bz2",
              "size": "270078",
              "checksum": "SHA-256:e436bf62709abd74a179811459aa83ee0cc163c1b10f5b10831e3cb57bee3000"
            }
          ]
        },
        {
          "name": "STM32Tools",
          "version": "2.2.1",
          "systems": [
            {
              "host": "i686-mingw32",
              "url": "https://github.com/stm32duino/Arduino_Tools/releases/download/2.2.1/STM32Tools-2.2.1-windows.tar.bz2",
              "archiveFileName": "STM32Tools-2.2.1-windows.tar.bz2",
              "size": "2269567",
              "checksum": "SHA-256:9fa5fe5f10ae8f13e18272f3f5274e39b5272934cc90cf21264758906c825647"
            },
            {
              "host": "x86_64-apple-darwin",
              "url": "https://github.com/stm32duino/Arduino_Tools/releases/download/2.2.1/STM32Tools-2.2.1-mac.tar.bz2",
              "archiveFileName": "STM32Tools-2.2.1-mac.tar.bz2",
              "size": "148793",
              "checksum": "SHA-256:59bd7940b63b57cf8dd7b84a76f0e5961a9a1d611aa352d1572aa481854e83e4"
            },
            {
              "host": "x86_64-pc-linux-gnu",
              "url": "https://github.com/stm32duino/Arduino_Tools/releases/download/2.2.1/STM32Tools-2.2.1-linux.tar.bz2",
              "archiveFileName": "STM32Tools-2.2.1-linux.tar.bz2",
              "size": "277972",
              "checksum": "SHA-256:5b291f2b6384270fe84e4a47838a2b561351459d68331f40c08930a462ced174"
            },
            {
              "host": "i686-pc-linux-gnu",
              "url": "https://github.com/stm32duino/Arduino_Tools/releases/download/2.2.1/STM32Tools-2.2.1-linux.tar.bz2",
              "archiveFileName": "STM32Tools-2.2.1-linux.tar.bz2",
              "size": "277972",
              "checksum": "SHA-256:5b291f2b6384270fe84e4a47838a2b561351459d68331f40c08930a462ced174"
            }
          ]
        },
        {
          "name": "STM32Tools",
          "version": "2.2.2",
          "systems": [
            {
              "host": "i686-mingw32",
              "url": "https://github.com/stm32duino/Arduino_Tools/releases/download/2.2.2/STM32Tools-2.2.2-windows.tar.bz2",
              "archiveFileName": "STM32Tools-2.2.2-windows.tar.bz2",
              "size": "2423233",
              "checksum": "SHA-256:44469dda9cf3b962a9d1286fc6cba759685709801e81ea31342eab4d3dbe0421"
            },
            {
              "host": "x86_64-apple-darwin",
              "url": "https://github.com/stm32duino/Arduino_Tools/releases/download/2.2.2/STM32Tools-2.2.2-mac.tar.bz2",
              "archiveFileName": "STM32Tools-2.2.2-mac.tar.bz2",
              "size": "103531",
              "checksum": "SHA-256:4cde739afe7ecd74cfc8021936cbfce7802b1f56fc5774bab3e367344705b502"
            },
            {
              "host": "x86_64-pc-linux-gnu",
              "url": "https://github.com/stm32duino/Arduino_Tools/releases/download/2.2.2/STM32Tools-2.2.2-linux.tar.bz2",
              "archiveFileName": "STM32Tools-2.2.2-linux.tar.bz2",
              "size": "157362",
              "checksum": "SHA-256:6ef5e1e6e58c95ce6a62725eb8eb16f799ebb88ac9677a4967257c214a1f145b"
            },
            {
              "host": "i686-pc-linux-gnu",
              "url": "https://github.com/stm32duino/Arduino_Tools/releases/download/2.2.2/STM32Tools-2.2.2-linux.tar.bz2",
              "archiveFileName": "STM32Tools-2.2.2-linux.tar.bz2",
              "size": "157362",
              "checksum": "SHA-256:6ef5e1e6e58c95ce6a62725eb8eb16f799ebb88ac9677a4967257c214a1f145b"
            }
          ]
        }
      ],
      "help": {
        "online": "http://www.stm32duino.com/"
      }
    }
  ],
  "IsTrusted": false
}